FID,namese2016,namesf2016,popest2016,Shape_Leng,Shape_Area,Shape__Area,Shape__Length
1,Old Barrhaven West,Old Barrhaven West,16880.4871431,11076.7919417,5093790.6626,10287503.375,15742.8575314767
2,Beacon Hill South - Cardinal Heights,Beacon Hill South - Cardinal Heights,7194.87688538,7266.55219978,2229948.33143,4529659.328125,10356.2876490146
3,Beaverbrook,Beaverbrook,6715.25408328,7096.5062823,2839166.85032,5744205.51171875,10094.7755755253
4,Bells Corners East,Bells Corners East,4728.59507087,7784.61189757,3353199.86609,6783240.609375,11070.0203960993
5,Bells Corners West,Bells Corners West,4158.18568156,5209.77307012,1375867.77303,2782653.3203125,7411.61304941143
6,Billings Bridge - Alta Vista,Billings Bridge - Alta Vista,12652.8045264,11625.9627277,6372676.54228,12919651.78125,16553.184090871
7,Hunt Club Upper -Blossom Park - Timbermill,Hunt Club Upper -Blossom Park - Timbermill,8614.00998071,10635.2523971,4362924.28655,8834178.6875,11961.6833848604
8,Borden Farm - Fisher Glen,Borden Farm - Fisher Glen,6960.2967785,9129.86973031,2581215.78047,5226876.17578125,12991.7042199277
9,Braemar Park - Bel Air Heights - Copeland Park,Braemar Park - Bel Air Heights - Copeland Park,6727.34506188,7087.39291933,2352368.46448,4765173.67578125,10088.1630603277
10,Briar Green - Leslie Park,Briar Green - Leslie Park,5315.06319641,8156.69955317,1905757.14241,3857127.640625,11595.1611498371
11,Centretown,Centretown,24993.9575587,8540.75985563,3627990.0123,7363248.98046875,12165.9938839362
12,Carleton Heights - Rideauview,Carleton Heights - Rideauview,6852.20622197,8145.0747255,2445559.91697,4954154.24609375,11597.0781574335
13,Carlington,Carlington,10098.9868998,7506.35353428,2710658.73173,5494070.6171875,10685.1853320387
14,Laurentian,Laurentian,9654.43025605,10174.3494073,3921707.36994,7950284.48828125,14487.5563265213
15,Carlingwood West - Glabar Park - McKellar Heights,Carlingwood West - Glabar Park - McKellar Heights,8772.50877508,13290.1670155,3961644.01314,8028441.7265625,18923.0911680089
16,Carson Grove - Carson Meadows,Carson Grove - Carson Meadows,10694.4549744,8813.66708637,4456497.58865,9051191.10546875,12562.4115862258
17,Centrepointe,Centrepointe,7269.69135539,6108.91165254,2120107.78225,4291751.26953125,8690.87854339832
18,Chapel Hill North,Chapel Hill North,10798.1563977,8059.92312243,3784723.74525,7691098.03515625,11493.1965325438
19,Skyline - Fisher Heights,Skyline - Fisher Heights,4372.88502619,6916.65726718,1932529.69888,3914708.36328125,9844.05506190609
20,Civic Hospital-Central Park,Civic Hospital-Central Park,10979.676681,17677.8135026,7548447.34093,15300873.9648438,25168.8023917086
21,Cityview - Crestview - Meadowlands,Cityview - Crestview - Meadowlands,8544.89226614,8454.7667795,3955257.29644,8008244.3828125,12031.4147619864
22,Emerald Woods - Sawmill Creek,Emerald Woods - Sawmill Creek,5308.88896787,5862.53573632,1816614.44327,3677462.15625,8345.70450979816
23,Glebe - Dows Lake,Glebe - Dows Lake,12192.5029643,7598.08666308,3036593.32263,6159554.0078125,10819.9137782431
24,Greenboro West,Greenboro West,10721.7491357,7576.99085012,2178495.41185,4413102.0546875,10783.8104304456
25,Hawthorne Meadows - Sheffield Glen,Hawthorne Meadows - Sheffield Glen,6673.64752314,4617.84812575,1157737.16455,2347959,6576.19706728895
26,Hintonburg - Mechanicsville,Hintonburg - Mechanicsville,9367.65620925,7060.66050622,2163549.98607,4389534.203125,10058.7680426235
27,Hunt Club - Ottawa Airport,Hunt Club - Ottawa Airport,2458.98254354,18320.5449374,15297027.927,30946957.0898438,26070.3790093471
28,Hunt Club East - Western Community,Hunt Club East - Western Community,10783.5081523,8344.79970178,3430343.58548,6945865.33203125,11872.0538857049
29,Iris - Queensway Terrance South,Iris - Queensway Terrance South,5823.93634894,6518.76964245,2154577.43436,4362878.44921875,9276.30573740295
30,Island Park - Wellington Village,Island Park - Wellington Village,5338.56396901,8706.00709054,3559380.10591,7220921.06640625,12402.7628111041
31,Katimavik - Hazeldean,Katimavik - Hazeldean,11799.8135804,10064.3131795,5524807.63392,11169258.8515625,14308.0186262243
32,Ledbury - Heron Gate - Ridgemont,Ledbury - Heron Gate - Ridgemont,13902.7427565,6788.60219786,2679744.72533,5430170.40625,9662.3881709553
33,Lindenlea - New Edinburgh,Lindenlea - New Edinburgh,4779.24725405,7488.60272382,2495679.09896,5070116.0390625,10673.5479997407
34,Lowertown,Lowertown,5916.96235152,4624.65772969,937004.355013,1902907.23046875,6588.23150227972
35,Orléans Village - Chateauneuf,Orléans Village - Chateauneuf,10651.3973548,7484.79847123,3272506.79805,6651989.88671875,10674.3177249544
36,South Keys - Greenboro West,South Keys - Greenboro West,4220.67226769,11977.4803418,3173568.84212,6429505.13671875,17050.8237238465
37,Tanglewood,Tanglewood,4927.78728502,7209.1981823,2194095.1776,4440482.80859375,10253.9280144486
38,Crystal Bay - Lakeview Park,Crystal Bay - Lakeview Park,3814.54171562,18628.4003201,16220561.3245,32858491.96875,26514.3441999351
39,East Industrial,East Industrial,2084.344652,30263.5347401,13161416.0487,26696588.5117188,43094.6708233871
40,Playfair Park - Lynda Park - Guildwood Estates,Playfair Park - Lynda Park - Guildwood Estates,5945.08958808,7329.22113083,2068005.96847,4192860.23828125,10436.91291675
41,Qualicum - Redwood Park,Qualicum - Redwood Park,4176.01059565,5960.30603991,1837394.84797,3719228.09375,8479.07851850371
42,Queenswood Heights,Queenswood Heights,12827.8804152,9571.58989486,4398868.29242,8944058.79296875,13652.5309667964
43,Riverside Park,Riverside Park,4371.15182985,8024.46083519,3467824.21955,7026860.1171875,11421.4696367646
44,Sandy Hill,Sandy Hill,11365.488441,7024.76569594,2314751.50636,4699134.4375,10005.4272718138
45,Trend-Arlington,Trend-Arlington,4737.68209525,6643.16940031,1737098.40189,3514381.55859375,9451.38133254644
46,Glen Cairn - Kanata South Business Park,Glen Cairn - Kanata South Business Park,9151.79020752,11031.4982873,4517503.26277,9127376.7578125,15685.6539143116
47,Overbrook - McArthur,Overbrook - McArthur,19599.200856,13476.8702534,6201674.84469,15356897.8945313,17934.0334440402
48,West Centertown,West Centertown,9855.66327264,6516.78302142,1784171.62025,3619631.65234375,9282.64206480501
49,Westboro,Westboro,10557.5860792,11747.0069216,4526036.76358,9178814.140625,16732.6374703179
50,Whitehaven - Queensway Terrace North,Whitehaven - Queensway Terrace North,11613.6962325,8198.02815744,3192743.62588,6466460.9609375,11665.6828404036
51,Woodvale - Craig Henry - Manordale - Estates of Arlington Woods,Woodvale - Craig Henry - Manordale - Estates of Arlington Woods,8483.70266426,7530.32695214,3215505.13223,6506192.83203125,10707.7724798345
52,Rockcliffe Park,Rockcliffe Park,2062.3593808,7604.63430527,2993724.66857,6083888.05859375,10842.521684464
53,Wateridge Village,Wateridge Village,613.47740371,12872.1445234,6037097.50088,12270069.8632813,18346.5456608578
54,Vanier North,Vanier North,9634.34927534,7920.77758828,1759745.66125,3574362.13671875,11284.0720862065
55,Convent Glen - Orléans Woods,Convent Glen - Orléans Woods,14543.2100802,11736.065641,7412587.51014,15076775.875,16738.4473715311
56,Elmvale - Canterbury,Elmvale - Canterbury,11539.6864697,9504.45486281,4011909.72759,8136712.79296875,13538.1925111605
57,Merivale Gardens - Grenfell Glen - Pineglen - Country Place,Merivale Gardens - Grenfell Glen - Pineglen - Country Place,2929.74640446,14138.5037118,6596887.58057,13344100.984375,20110.672195074
58,Rothwell Heights - Beacon Hill North,Rothwell Heights - Beacon Hill North,10358.6845254,11633.1867919,8931528.9491,18154670.2304688,16583.5973049232
59,Chatelaine Village,Chatelaine Village,4174.21306465,11806.8623616,7709237.17759,15689864.1914063,16840.78
60,Kanata Lakes - Arcardia,Kanata Lakes - Arcardia,12576.4082159,19149.5929687,11991624.3627,24253944.1953125,27229.1508961755
61,Hunt Club Woods - Quintarra - Revelstoke,Hunt Club Woods - Quintarra - Revelstoke,5953.41468997,18944.2215836,5558430.02522,11253513.9375,26958.932048777
62,Bridlewood - Emerald Meadows,Bridlewood - Emerald Meadows,21101.0191199,12181.3559976,6519616.16194,13172382.3945313,17324.1306073794
63,Portobello South,Portobello South,16312.8766396,14813.8040461,12917119.3875,26245366.8984375,21113.0869034789
64,Chapel Hill South,Chapel Hill South,7297.80083477,13209.802843,9966794.70311,20240520.6445313,18824.4326454157
65,Blackburn Hamlet,Blackburn Hamlet,8171.80596205,9039.13949421,2946405.07095,5983472.234375,12877.6153665481
66,Rideau Crest - Davidson Heights,Rideau Crest - Davidson Heights,14565.646993,10552.296676,5091753.7095,10287158.2617188,15005.7598731827
67,Riverside South - Leitrim,Riverside South - Leitrim,10942.3128658,23160.7460734,25012884.9704,50520103.2890625,32923.084299877
68,Britannia Village,Britannia Village,6542.93285642,8043.95718574,3566221.81314,7226184.4140625,11452.400259379
69,Byward Market,Byward Market,5382.05611115,5699.9558923,1833893.33421,3724173.07421875,8124.94340264562
70,Old Ottawa South,Old Ottawa South,6634.69996337,5912.31749231,1584546.61532,3213145.95703125,8419.32426264134
71,Old Ottawa East,Old Ottawa East,6645.46838727,7260.84572031,1928185.87798,3912297.50390625,10345.5680369226
72,Carleton University,Carleton University,18.74042171,6639.02026716,1030663.24467,2089401.296875,9459.01292091835
73,Beechwood Cemetery,Beechwood Cemetery,138.9311281,3709.25109121,662491.635192,1346010.8515625,5282.16186492638
74,Lebreton Development,Lebreton Development,369.33088726,5655.97756495,1420003.91457,2881924.93359375,8055.98715937026
75,Notre-Dame Cemetery,Notre-Dame Cemetery,16.98853068,2468.14829616,204294.945818,414999.09765625,3518.0454640388
76,Orléans Industrial,Orléans Industrial,74.27158431,2904.93061647,528162.83338,1073712.03125,4141.21469081868
77,Hunt Club South Industrial,Hunt Club South Industrial,732.58553706,9074.97223198,4708194.98993,9529339.265625,12913.1428522036
78,Stittsville,Stittsville,26674.0291534,25572.7458391,29998144.2675,60576796.7226563,36338.024347959
79,Stonebridge - Halfmoon Bay - Heart's Desire,Stonebridge - Halfmoon Bay - Heart's Desire,9463.83982717,22446.967763,14564579.8516,29392423.5820313,31885.859624967
80,Richmond,Richmond,7668.88229091,61641.2351922,168839204.031,340281847.828125,87511.8242057489
81,Cumberland,Cumberland,4171.79745104,37896.6193863,60610627.0911,123363925.582031,54047.009694635
82,Fitzroy,Fitzroy,3299.06351854,74174.9574459,156012211.361,317062974.324219,105729.695927383
83,Constance Bay,Constance Bay,2371.16642646,18102.3774313,15282596.9884,31111807.9765625,25826.974595816
84,Fallingbrook,Fallingbrook,19414.9502566,10760.9560729,5705981.52848,11604867.1171875,15351.1704504153
85,Munster - Ashton,Munster - Ashton,3704.84243132,46750.3365918,137001353.258,275575705.152344,66324.9180065
86,Marlborough,Marlborough,1812.04499167,77748.1227891,249316749.113,499770098.171875,110101.291131381
87,Corkery,Corkery,3472.75476571,48719.0420824,140113149.504,282802982.136719,69211.8093737136
88,Cardinal Creek,Cardinal Creek,10535.2839243,15057.577315,10635187.3262,21639210.0625,21488.436937608
89,Kinburn,Kinburn,1987.29201991,59577.5457952,136481767.354,276805414.316406,84847.7064225888
90,North Gower - Kars,North Gower - Kars,5212.54004225,60151.8385943,148788669.514,299068399.214844,85285.5944254594
91,Manotick East,Manotick East,9040.21658994,33629.6390809,32302841.2315,65132428.5898438,47761.5514708373
92,Osgoode - Vernon,Osgoode - Vernon,5111.71775217,58163.8188302,137672105.255,276839568.746094,82499.6056687078
93,Riverview,Riverview,6297.08254067,5912.4048221,1804417.86027,3660548.48828125,8418.89281694324
94,Metcalfe,Metcalfe,5240.26536138,58195.3042987,140792860.143,283837501.449219,82669.4740664689
95,Edwards - Carlsbad Springs,Edwards - Carlsbad Springs,3461.37468322,70782.237947,167444371.056,338820914.199219,100661.393106919
96,Greely,Greely,8829.32159859,39798.7414572,69513509.9736,140252417.871094,56559.3822835696
97,Vars,Vars,2573.02882037,36479.895188,77902743.6208,157894170.378906,51932.8072911902
98,Greenbelt-Dunrobin,Greenbelt-Dunrobin,2073.39051751,19418.5614823,12132710.1883,24599489.875,27649.5715988828
99,Navan - Sarsfield,Navan - Sarsfield,4253.42156506,58658.391746,106490802.521,216249788.4375,83555.23137839
100,Dunrobin,Dunrobin,5569.05971818,56255.0426435,143497182.862,291355237.792969,80148.8323093175
101,Carp,Carp,6229.56877979,74683.0808017,179285784.507,362839436.976563,106220.120819963
102,Bayshore - Belltown,Bayshore - Belltown,9313.01655662,9460.03172459,3297510.18449,6678814.75390625,13469.7767524213
103,Huntclub Park,Huntclub Park,8566.24772878,5980.86742057,1813845.32031,3675607.69140625,8511.1280486452
104,Greenbelt - SouthEast,Greenbelt  - SouthEast,2073.39051751,59072.6154001,50317773.358,101739026.476563,83997.2644634684
105,Pineview,Pineview,6169.23878742,5822.92078216,1819195.80211,3692883.8984375,8294.4220469433
106,Brookside - Briarbrook - Morgan's Grant,Brookside - Briarbrook - Morgan's Grant,14940.0655486,14267.7509802,9443721.49051,19120856.0429688,20302.3086059047
107,Old Barrhaven East,Old Barrhaven East,22285.6287568,14217.2973329,6149774.03605,12421355.3007813,20208.8908490793
108,Findlay Creek,Findlay Creek,4418.85848835,19020.6859237,17607378.3103,35611359.2304688,27049.0761863869
109,Parkwood Hills - Stewart Farm,Parkwood Hills - Stewart Farm,5233.80762311,7003.02310035,513698.222799,1040437.93359375,9965.3592092703
110,Manor Park,Manor Park,7016.29692249,6550.60173388,1236894.42566,2513281.88671875,9337.09598698961
111,Chapman Mills,Chapman Mills,8211.93374716,9697.98322543,3708056.42708,7486925.07421875,13774.7292375699
112,Manotick West,Manotick West,9040.21658994,38776.8911035,28342129.2685,57125389.0742188,55061.994808157
113,Greenbelt - Mer Bleue,Greenbelt - Mer Bleue,2073.39051751,9.24731691755,0.619318904152,1.26171875,13.1933470700002
115,Greenbelt-Edwards,Greenbelt-Edwards,2073.39051751,54812.1080575,56915505.423,115512220.304688,78086.2658658206
116,Greenbelt-Findlay,Greenbelt-Findlay,2073.39051751,24082.8288099,22277312.2929,45117191.9023438,34262.2676974683
117,Greenbelt - Shirleys Bay,Greenbelt - Shirleys Bay,2073.39051751,25450.7523991,21631052.6785,43808615.6054688,36228.444042412
118,Greenbelt-Merivale,Greenbelt-Merivale,2073.39051751,7346.32764363,3444974.57494,6959192.12109375,10445.8946884065
119,Greenbelt - Rideau River East,Greenbelt- Rideau River East,2073.39051751,7357.6850575,2560124.71882,5175274.6875,10466.5522499721
